,helix,sheet,loop,turn,bend,bridge,hbond_density,hbond_avg_energy,apolar,polar,positive,negative,polar_area,apolar_area
A1_k97_5727_gene_1_1_trembl_A0A6J7I5M5,0.310126582278481,0.24367088607594936,0.18670886075949367,0.15348101265822786,0.09177215189873418,0.014240506329113924,3.8765822784810124,-3.152531645569614,0.5833333333333334,0.4166666666666667,0.1717171717171717,0.17676767676767677,11186.824398500095,12459.840980111767
